ÈÕÆÚ,PM2.5,PM10,SO2,NO2,CO,O3,MAXT,AT,MINT,AH,MAXP,AP,MINP,MAXW,RAIN,MAXR
2020/12/1,110,126,7,43,1.37,5,9.105157,2.63213,-2.555579,0.5441456,972.0556,969.9802,966.9119,1.594313,0,542.9632
2020/12/2,80,95,7,38,1.26,8,12.18487,4.600486,-0.1333069,0.5242047,970.5509,968.2216,965.3263,3.015064,0,567.4673
2020/12/3,32,48,8,32,0.61,31,11.63439,3.41683,-1.46604,0.537506,969.7719,967.5595,966.0188,1.058368,0,540.1472
2020/12/4,45,64,10,43,0.67,16,11.15734,3.361472,-2.407996,0.581159,969.1616,967.1515,965.6262,1.137077,0,555.7676
2020/12/5,77,98,12,48,0.92,14,13.52114,5.183799,-0.6246094,0.5801586,967.284,965.1245,962.1382,1.903767,0,557.4634
2020/12/6,100,120,15,45,1.02,6,11.01617,5.767053,0.4728027,0.5810468,970.38,967.1545,965.5319,2.097103,0,540.7384
2020/12/7,89,113,13,44,1.08,14,10.90493,8.006704,6.06463,0.3829948,968.5187,966.2273,964.5127,3.771457,0.05234079,322.3178
2020/12/8,83,111,14,48,1.23,17,9.475946,5.958424,1.344171,0.5875856,969.8328,967.8029,965.7623,1.710017,0.08511543,421.9676
2020/12/9,87,106,13,44,0.99,15,10.67458,4.563317,-1.124457,0.7034801,968.0041,965.7108,963.0405,2.044194,0,536.6311
2020/12/10,75,108,11,62,1.03,13,6.282831,4.864044,3.694421,0.8612859,971.0845,967.4662,965.2632,1.816899,4.333044,122.5825
2020/12/11,102,145,12,73,1.26,11,8.404932,6.008932,3.812067,0.8312054,975.8151,972.6451,970.4828,2.56428,4.040311,282.7846
2020/12/12,126,168,13,75,1.32,12,8.183862,5.210806,2.309656,0.6680416,977.3864,974.2956,970.4219,1.76981,0.3084349,530.33
2020/12/13,31,108,8,32,0.51,33,7.187708,2.644371,-1.396857,0.7069288,969.9023,964.3997,960.7518,1.834706,0,404.1536
2020/12/14,33,93,10,43,0.63,18,9.530145,3.5841,-1.471014,0.7535415,961.8384,960.1579,957.0823,1.121512,0,509.1865
2020/12/15,74,128,11,50,0.87,7,6.978082,3.789908,0.5569397,0.7526628,966.2555,961.6304,959.1442,2.05691,0,434.4142
2020/12/16,81,140,12,57,1.08,8,7.69613,3.888221,0.7223755,0.5172894,975.6435,969.8934,965.13,2.879575,0,404.807
2020/12/17,95,141,15,62,0.99,19,3.765009,0.6312131,-2.010107,0.4702235,977.9386,975.3266,972.9388,2.168283,0,365.3983
2020/12/18,52,88,11,51,0.75,25,9.356134,2.491033,-2.216162,0.482962,974.1735,971.333,968.3486,2.430176,0,468.3464
2020/12/19,74,128,13,67,1.08,12,10.81722,3.743143,-2.080695,0.4920156,968.7859,964.8575,961.1636,1.375625,0,526.2849
2020/12/20,77,118,12,71,1.07,12,14.32763,5.276943,-0.1817993,0.4986124,963.3452,960.8671,957.9478,1.926966,0,540.2872
2020/12/21,106,155,13,78,1.37,13,14.4688,5.013912,-1.164404,0.5088209,961.1657,959.2835,957.2014,1.926495,0,549.0153
2020/12/22,151,193,14,77,1.56,21,12.0715,4.763478,-0.4028381,0.605897,963.6146,960.7139,958.7055,2.028029,0,534.1573
2020/12/23,53,150,11,44,0.79,34,6.232935,3.349026,-0.03989258,0.7036171,963.1985,960.4341,958.8586,1.454191,0.5483283,300.2097
2020/12/24,56,112,13,55,0.93,21,8.220239,3.679591,-1.583685,0.758473,970.5027,966.4522,963.2502,2.429543,0.1625046,480.2484
2020/12/25,86,136,14,67,1.27,9,2.885797,-0.6586632,-3.191656,0.8654896,981.5216,975.8198,970.4339,3.145825,6.994807,194.5233
2020/12/26,105,146,16,66,1.25,19,-1.093817,-2.682782,-4.398871,0.5529119,984.2142,981.3535,979.0528,1.915666,0.01794519,440.9174
2020/12/27,153,197,16,80,1.77,15,-0.255957,-2.793873,-5.886328,0.4971967,978.4305,974.1632,970.4616,1.656344,0,427.9886
2020/12/28,142,184,14,65,1.55,13,4.775415,-0.3559364,-4.770361,0.6140377,970.5827,968.1436,965.5113,2.906845,0,546.1838
2020/12/29,13,51,8,19,0.38,51,5.45498,-0.4679118,-3.962469,0.5095496,974.9347,972.3403,970.7032,2.351148,0,557.2145
2020/12/30,17,42,9,22,0.45,43,5.986902,0.1206299,-4.273352,0.52818,974.7888,972.4338,970.9223,1.11814,0,431.6759
2020/12/31,41,66,12,45,0.83,17,5.370844,1.051475,-2.874335,0.5870689,971.9209,969.952,967.5023,1.40564,0.004860106,334.951
2021/1/1,71,107,11,65,1.07,13,6.682153,-2.336295,-8.460486,0.5507286,970.5161,967.5637,964.7933,1.212148,0,559.766
2021/1/2,126,183,19,79,1.72,10,4.441705,-0.340876,-5.367926,0.5384756,969.6187,965.5824,962.8739,1.937205,0.005234033,477.448
2021/1/3,124,179,18,85,1.6,11,6.681451,1.559565,-1.848242,0.5718508,970.173,967.4321,963.8613,2.256309,0,455.5576
2021/1/4,158,230,18,85,1.91,6,3.474786,0.2018867,-3.248694,0.6972373,971.6679,968.3053,966.3704,1.459718,0.03215298,383.259
2021/1/5,109,155,15,63,1.28,15,2.98562,0.3812818,-2.756689,0.5528084,975.8576,973.0083,970.8854,1.441118,0.3746082,428.3153
2021/1/6,59,119,11,45,0.85,27,-0.3072876,-2.611147,-6.024634,0.4142227,979.1209,973.2164,970.1362,3.16429,0.001121778,482.3954
2021/1/7,19,83,9,29,0.49,37,-4.118628,-6.212541,-9.023779,0.2456381,981.0602,978.36,975.942,2.577901,0.00311574,541.0496
2021/1/8,40,88,12,47,0.73,22,0.3765198,-5.203524,-8.472601,0.3555863,978.1392,974.5916,970.8826,2.227894,0,590.151
2021/1/9,43,92,13,56,0.8,16,0.3059326,-4.118862,-9.505835,0.3663406,974.4478,972.0348,969.5047,1.674019,0,572.8037
2021/1/10,63,115,15,56,0.95,12,0.782251,-1.88133,-4.637732,0.3364305,978.3072,973.793,971.2107,3.41951,0.05209074,306.6974
2021/1/11,29,129,8,36,0.56,34,6.345575,0.691404,-4.048743,0.2658889,978.2115,972.9042,965.8324,5.102165,0,590.6489
2021/1/12,36,103,10,56,0.79,25,14.8175,4.200632,-3.109656,0.3780573,964.782,957.8563,952.848,2.553556,0,587.4751
2021/1/13,37,95,11,53,0.8,27,15.04211,5.005262,-0.9597534,0.4085493,959.0308,956.862,954.7434,1.801421,0,597.9612
2021/1/14,75,174,16,73,1.25,16,14.40606,5.481325,-1.3776,0.4740948,960.6752,954.2497,951.0845,2.664248,0,590.7422
2021/1/15,65,242,14,56,0.99,20,9.271997,4.639345,0.9405762,0.4471098,968.3252,962.775,960.1422,4.482791,0,568.2297
2021/1/16,44,142,13,43,0.75,25,5.183282,2.117089,-0.8021606,0.4196299,980.7248,973.034,968.0495,2.954655,0,465.3282
2021/1/17,25,66,9,42,0.64,33,8.901208,0.7674678,-5.429938,0.3409017,980.89,972.2567,963.847,2.552194,0,620.0693
2021/1/18,49,107,15,60,1.05,19,12.36813,3.455096,-4.128607,0.4411562,963.6408,959.9912,955.9915,2.46037,0,609.8165
2021/1/19,92,169,18,70,1.43,17,10.97051,4.589043,-1.615759,0.5237836,958.8834,956.0274,954.121,2.671767,0,593.6049
2021/1/20,131,202,16,79,1.54,9,8.895502,4.730082,1.280695,0.6417509,961.8809,959.9154,958.0109,1.098612,0,399.2217
2021/1/21,145,210,17,77,1.64,26,12.39453,5.420093,0.6282288,0.6368761,963.1851,961.1036,959.7828,2.254085,0,498.3114
2021/1/22,133,196,18,82,1.65,17,10.58975,4.455375,-0.0612854,0.6041946,961.647,958.727,955.2281,2.706952,0,494.9353
2021/1/23,190,247,18,84,2,20,10.1448,4.432649,-1.764075,0.6041572,958.8805,956.5195,953.7538,3.023655,0.009221956,566.9694
2021/1/24,225,286,14,75,2.12,20,6.949548,4.886603,3.103296,0.7157273,966.223,959.8959,957.4034,1.994538,4.187986,238.3973
2021/1/25,77,182,8,33,0.97,43,7.928583,3.86778,-1.303442,0.7129919,969.713,967.2754,965.4376,4.147919,2.350337,508.1286
2021/1/26,73,179,10,57,1.03,23,7.915765,3.122038,-1.891028,0.6565386,967.632,964.9176,960.9857,2.9445,0.04299404,514.2429
2021/1/27,76,175,11,52,0.92,36,10.91418,4.97606,0.4955994,0.5377683,971.3227,964.9097,962.158,3.185192,0.04847767,543.85
2021/1/28,32,173,8,45,0.55,35,9.999323,3.017689,-2.324561,0.4247893,973.3513,969.868,966.062,1.785701,0,644.2467
2021/1/29,73,192,12,64,0.89,12,9.821771,2.689499,-3.677954,0.5926171,966.7524,964.363,962.0531,1.898806,0,478.817
2021/1/30,58,121,10,53,0.84,29,10.92559,4.579537,-0.04916992,0.4968772,967.62,965.0594,962.6195,2.049673,0,618.498
2021/1/31,45,91,11,63,0.87,17,11.58947,4.246594,-1.528784,0.473096,964.0484,962.1673,959.6688,1.398934,0,506.4327
2021/2/1,44,93,11,54,0.79,28,13.80853,5.731879,-1.587958,0.4321731,966.442,962.8035,960.9261,1.894977,0,658.249
2021/2/2,43,144,13,44,0.78,30,9.074487,3.909464,-0.4641785,0.3878046,970.0958,966.0557,962.4026,1.885683,0,650.7189
2021/2/3,67,149,12,50,0.93,31,13.19384,4.505671,-2.074286,0.4891619,967.7716,965.2742,962.5422,2.866259,0,640.2171
2021/2/4,70,140,15,59,1.04,18,8.943994,4.069606,-1.764807,0.489216,968.0367,966.2342,963.9973,1.924823,0.2187081,321.5555
2021/2/5,50,102,11,47,0.81,36,15.54125,6.89037,1.223657,0.4756693,965.4581,962.1963,958.2795,3.306096,0.002866145,675.8608
2021/2/6,49,105,11,62,0.88,27,16.04254,7.353983,-0.436377,0.458308,960.2648,958.3309,955.7711,1.945944,0,627.086
2021/2/7,60,118,14,60,1,26,12.59631,6.835878,1.710657,0.4910824,965.6219,963.4289,960.5249,1.100988,0,540.7073
2021/2/8,72,143,14,50,1.06,39,13.21169,5.530466,-0.8207153,0.5497525,968.8362,965.7892,963.2134,2.115389,0,675.5029
2021/2/9,127,192,13,66,1.34,41,13.72152,5.474013,-1.606512,0.5911961,964.3049,961.9622,958.2951,1.858768,0,647.8562
2021/2/10,162,218,16,64,1.67,59,16.91747,7.484351,-0.3129944,0.6115475,961.8951,959.0003,955.2416,3.113625,0,684.8378
2021/2/11,197,249,15,56,1.83,54,12.90579,7.404457,3.163171,0.6706269,961.0353,958.7365,957.3389,1.573205,0.04997291,313.9009
2021/2/12,278,328,19,49,2.01,59,17.17776,8.23812,0.8293396,0.6321967,959.848,957.8283,954.973,3.103527,0,690.3765
2021/2/13,137,169,11,33,1.27,51,8.95968,6.758248,2.295374,0.8243636,963.4395,961.0267,959.1265,3.553914,5.987003,122.318
2021/2/14,51,66,6,27,0.91,26,16.65151,8.059501,0.506311,0.6479536,963.1695,957.5384,953.5079,1.983618,0,715.5185
2021/2/15,42,78,7,34,0.89,27,10.14977,6.038704,0.7337891,0.4553874,966.5312,963.3744,960.2202,1.96693,0,513.4961
2021/2/16,35,68,8,32,0.7,40,15.81579,7.306649,-0.1932129,0.422233,965.6184,963.2095,961.2402,3.468492,0,727.0003
2021/2/17,44,93,11,45,0.82,35,14.97723,7.131059,0.1576172,0.3923672,969.4175,967.2591,965.5063,2.289255,0,695.9308
2021/2/18,62,112,11,60,0.95,31,15.95342,8.140164,1.93316,0.4511163,969.2395,966.2226,963.2744,1.935597,0,677.5255
2021/2/19,45,90,10,49,0.78,39,21.14166,10.73854,1.960962,0.4493375,963.8513,961.0426,957.7734,3.476038,0,739.3847
2021/2/20,36,88,9,56,0.8,31,23.90194,12.80625,3.143945,0.403324,958.3589,954.5477,949.8328,1.515556,0,753.1536
2021/2/21,39,101,8,47,0.75,36,24.28201,13.99379,6.021143,0.4074703,955.4925,953.3447,951.8444,3.832099,0,747.9727
2021/2/22,54,142,12,59,0.83,31,20.26461,13.05296,6.129541,0.3526777,960.2691,957.7353,955.7633,1.735413,0,711.8312
2021/2/23,68,186,12,42,0.75,53,20.43289,14.25906,9.401788,0.4366394,958.5793,954.4944,949.4146,3.620376,0,732.119
2021/2/24,34,98,7,28,0.69,31,10.30523,5.405889,1.9367,0.8080991,961.1955,957.0946,954.5095,3.380499,13.10444,118.973
2021/2/25,35,41,6,35,0.97,11,3.409906,2.43547,1.257867,0.940396,963.6337,962.0251,960.6234,1.123573,9.445711,269.6847
2021/2/26,63,77,6,35,1.14,17,8.309381,4.046461,1.607263,0.8386526,963.1319,961.0333,958.2533,2.74425,1.62243,400.4352
2021/2/27,75,102,7,31,0.99,39,10.03784,5.937447,2.476495,0.7537775,960.515,957.6284,954.1784,3.211727,1.483729,569.7543
2021/2/28,42,148,6,25,0.8,25,5.45141,4.356468,3.70083,0.9544829,966.4228,960.3458,957.9081,4.619808,8.26668,154.5856
2021/3/1,23,56,6,19,0.52,59,9.76687,5.358649,1.633661,0.675056,972.3937,969.008,966.337,4.835143,2.074677,685.4601
2021/3/2,30,84,9,48,0.76,36,13.45342,6.682451,-1.017523,0.6540781,967.4768,964.5024,960.7745,2.295862,0,678.1012
2021/3/3,46,108,8,59,0.83,27,17.45156,10.21277,4.052362,0.6284211,962.9689,958.9412,954.8078,1.514786,0.00124611,786.0901
2021/3/4,51,135,11,67,1.01,22,17.81451,10.59667,4.068048,0.6359216,957.9301,955.5658,952.3738,2.192395,0.001121778,737.1443
2021/3/5,60,142,10,67,1.06,34,17.32678,11.95702,7.533563,0.6635279,960.5016,956.6942,955.1112,1.404292,0,563.1888
2021/3/6,72,162,9,59,1.1,21,14.0032,11.14451,8.10473,0.6968281,967.0969,964.7023,961.1445,2.367914,0.2750373,439.7039
2021/3/7,56,108,10,40,0.89,26,14.20355,9.488182,5.549097,0.6611282,966.1861,963.1286,959.5029,2.448185,0.115274,579.2448
2021/3/8,51,103,9,46,0.85,19,10.65463,8.582741,6.83761,0.770591,964.1951,962.2705,960.6681,2.200188,4.339773,414.6865
2021/3/9,56,116,8,49,0.83,17,13.15109,9.13575,6.137384,0.7406731,966.4448,963.7047,961.5995,2.73998,0.02043787,769.5208
2021/3/10,60,127,9,55,1.03,4,9.598596,7.79819,5.521295,0.8645322,964.7047,963.0839,961.6285,1.46161,5.687665,185.6241
2021/3/11,49,84,7,49,0.94,31,14.61999,10.20852,7.229791,0.8038886,964.9748,962.3593,959.6198,2.000217,0.2297997,645.7403
2021/3/12,45,109,9,55,0.95,34,18.45913,11.58073,5.106989,0.7470323,962.8427,960.5798,957.2198,3.143856,0.4323074,801.9906
2021/3/13,53,135,9,49,0.94,39,21.82266,14.38544,8.407068,0.7166725,961.5208,956.9928,951.9584,3.330776,0.1283591,806.4246
2021/3/14,42,100,8,44,0.96,24,17.58489,13.71326,10.23892,0.7839817,954.4952,951.0253,947.9977,1.609076,1.86868,527.9963
2021/3/15,66,170,10,60,1.21,31,22.16207,15.19774,8.913324,0.7360153,953.2924,951.1761,948.6307,2.124586,0,823.1496
2021/3/16,78,477,7,40,0.89,40,18.92617,15.55413,13.05624,0.6337329,956.2687,954.3858,952.7183,3.560902,0.1829425,466.0594
2021/3/17,67,376,10,40,0.62,33,16.82192,13.7611,11.72851,0.5795208,956.438,954.1239,951.3517,3.503334,0.02916064,544.3635
2021/3/18,56,228,9,42,0.65,22,11.29067,9.622655,7.226221,0.7462989,959.5922,957.4158,955.5677,2.565496,6.857599,286.0985
2021/3/19,44,123,5,33,0.67,28,9.18786,7.061948,4.858148,0.8519586,966.2017,961.0843,956.937,4.747115,7.107835,268.4556
2021/3/20,71,410,6,38,0.46,30,9.787561,8.053561,6.115991,0.5268449,969.095,965.6351,963.6139,2.727855,0.000623055,380.9564
2021/3/21,38,194,7,37,0.44,44,10.57903,7.315268,1.45968,0.3973122,973.9899,970.8997,968.9603,1.795107,0,781.4849
2021/3/22,46,163,9,62,0.64,26,16.97381,7.873267,-1.242834,0.5050208,970.1865,966.3996,961.6675,1.153356,0,894.9504
2021/3/23,72,222,11,79,0.86,21,21.15023,12.05055,3.842035,0.5624179,961.4748,956.1124,951.7033,1.391416,0,875.176
2021/3/24,72,220,12,76,0.87,31,21.68716,14.17034,5.96908,0.5436067,956.2595,954.2479,952.1895,3.332016,0,787.5838
2021/3/25,63,191,11,60,0.86,48,21.43829,16.44204,11.77059,0.549027,955.6719,953.5886,950.6047,2.620566,0.9268005,565.0869
2021/3/26,40,119,7,40,0.71,44,15.37155,13.14424,10.96694,0.8024732,957.5055,955.0252,953.6567,3.985466,9.664669,207.5455
2021/3/27,41,163,6,54,0.63,36,23.0541,14.42217,8.07049,0.5932194,953.9509,950.8948,947.4605,3.038083,0,876.374
2021/3/28,118,470,10,57,0.65,32,23.82137,16.447,8.996057,0.5147281,949.7584,947.1044,943.2644,4.447912,0,866.4324
2021/3/29,183,658,11,42,0.69,52,23.09976,17.00922,12.43514,0.4096106,950.0695,947.5913,944.0285,2.444352,0,875.7517
2021/3/30,130,449,10,38,0.77,60,20.96411,17.03893,14.13583,0.5805108,948.9759,947.0029,944.901,3.084448,0.3351034,595.892
2021/3/31,63,183,8,36,0.65,58,15.55053,13.97962,11.43759,0.7409576,953.3307,949.4262,946.3675,3.006741,1.95205,234.8189
2021/4/1,14,25,5,23,0.46,39,11.24505,9.963702,9.073053,0.9399467,957.923,956.0691,953.0287,2.789539,7.529676,157.5883
2021/4/2,11,19,5,30,0.58,31,9.837457,9.245737,8.607416,0.9490948,962.102,959.3002,957.2341,2.234221,8.002859,188.5645
2021/4/3,22,33,5,37,0.7,26,13.4848,11.09664,8.860559,0.8470483,964.1681,962.5393,960.8709,2.106273,2.766568,363.1579
2021/4/4,27,55,8,30,0.72,28,14.14367,11.82884,9.975092,0.7062791,964.3999,963.1238,961.3606,3.459512,0.5361163,317.4015
2021/4/5,21,65,9,33,0.53,55,19.0046,12.98612,8.802087,0.6218606,962.4869,958.5785,954.2677,2.224554,0.03352249,821.1893
2021/4/6,29,88,12,46,0.6,46,16.6679,12.48661,7.383081,0.6887781,963.526,961.4256,957.755,1.648759,0.000623055,679.5636
2021/4/7,44,121,8,58,0.76,26,18.2452,14.57271,11.57592,0.7036251,963.5933,961.4042,959.4455,1.478025,0.2567177,691.6367
2021/4/8,50,135,9,46,0.83,57,21.7221,14.98385,8.324335,0.6000866,961.973,959.2718,955.9667,3.417614,0,900.1779
2021/4/9,32,91,8,45,0.59,60,18.4035,14.08899,10.3901,0.6207663,961.0176,959.6624,958.4184,2.164354,0.11328,463.01
2021/4/10,45,117,9,57,0.73,32,18.73223,14.72195,10.99334,0.6201286,962.0481,960.2824,958.3001,2.119062,0.05408563,504.239
2021/4/11,48,109,8,47,0.76,46,18.0541,14.52132,12.00802,0.6976573,961.3634,959.2895,956.7534,1.364159,0.3415844,373.893
2021/4/12,32,108,8,50,0.72,50,22.99136,16.61433,10.47781,0.6195454,960.2762,958.5131,955.657,2.753187,0.005483162,845.1333
2021/4/13,24,98,10,39,0.54,44,17.16491,13.52525,9.413202,0.5638973,966.5823,962.3392,959.4377,3.083275,1.83391,375.5889
2021/4/14,36,87,8,42,0.52,38,16.38766,11.83143,7.803796,0.7236225,965.8225,960.0883,954.3804,1.829851,1.078962,804.1999
2021/4/15,39,150,7,54,0.6,22,19.59646,14.35867,8.777856,0.5818265,959.1279,956.8795,955.0382,5.149461,0,647.1094
2021/4/16,55,233,8,55,0.59,33,22.24334,15.86475,8.188867,0.3700219,962.4103,958.9797,956.5791,2.446412,0,876.9029
2021/4/17,36,149,11,41,0.48,55,21.07678,16.00107,11.56381,0.2531936,966.8758,962.7188,958.6282,3.50429,0,894.8726
2021/4/18,54,156,12,58,0.65,51,24.73837,18.19244,12.22338,0.4480116,959.5759,955.3954,950.957,3.33944,0,866.1367
2021/4/19,36,112,8,40,0.5,66,24.3854,18.13147,11.46682,0.6182841,953.902,952.0692,948.3996,2.373164,3.424688,756.5764
2021/4/20,41,69,6,38,0.65,36,17.50576,16.14276,15.26602,0.8917994,954.4541,953.1614,951.8259,0.8582114,10.96084,205.0717
2021/4/21,27,46,5,32,0.7,38,17.68258,15.36897,14.17932,0.908573,955.5563,953.6353,951.4864,2.465864,3.718791,292.8196
2021/4/22,32,68,7,38,0.77,36,24.8995,17.65612,13.60388,0.7553273,954.2359,951.4997,946.8991,3.51979,0.1529092,828.595
2021/4/23,32,70,6,36,0.84,37,17.11785,15.57507,13.5725,0.8582295,956.3027,951.971,949.5592,3.87828,27.78868,161.1044
2021/4/24,15,28,5,18,0.6,66,14.77044,13.52635,12.52145,0.921547,963.4048,959.779,956.0915,3.436544,5.937029,247.1254
2021/4/25,31,44,5,27,0.65,43,14.42532,13.00525,12.18417,0.9156307,963.5359,962.4964,960.9984,1.947763,8.595927,196.7326
2021/4/26,16,34,4,31,0.66,39,18.58178,14.54,10.83505,0.8031856,962.0382,960.1372,958.4652,2.100517,0.03015762,646.4248
2021/4/27,26,114,6,36,0.57,48,21.78201,15.60993,11.04824,0.730775,966.0514,961.6482,958.6417,3.106651,4.45754,862.1228
2021/4/28,20,78,5,34,0.38,55,22.81951,16.24066,10.66177,0.5091661,966.1662,961.4504,955.528,4.498124,0,973.3167
2021/4/29,32,118,6,46,0.48,49,27.99349,20.07864,11.54312,0.4404943,955.0779,950.4855,946.6546,4.750663,0.3393407,946.23
2021/4/30,43,145,6,47,0.51,42,30.37798,22.83662,15.31381,0.4234983,951.4595,948.8251,947.1323,4.63554,0.4880128,942.8072
2021/5/1,55,195,10,58,0.65,45,29.52801,21.50497,14.19143,0.4782556,953.4781,950.4135,946.9253,1.366093,0,957.0429
2021/5/2,41,136,8,37,0.65,54,20.67462,17.88409,13.63238,0.7153683,955.5173,953.0907,949.9611,4.041451,4.391241,331.6372
2021/5/3,31,59,6,25,0.76,58,20.73235,15.92052,12.38595,0.7526043,957.6713,953.8223,950.7655,2.998394,0.3007078,786.9147
2021/5/4,27,120,5,33,0.55,60,23.08904,18.038,14.26916,0.4487024,962.45,959.7077,957.256,3.268986,0,964.9153
2021/5/5,34,117,8,45,0.51,55,25.45571,18.23578,10.11984,0.5038435,959.6134,955.5497,950.7556,2.920585,0,946.0433
2021/5/6,36,111,5,42,0.5,61,29.25634,22.09433,14.56936,0.4988518,954.5867,952.3942,948.8249,2.173479,0,960.8391
2021/5/7,89,358,7,37,0.39,63,25.97909,20.07219,15.70385,0.3018492,959.8275,955.2825,950.7401,2.966924,0,941.8115
2021/5/8,67,220,6,52,0.52,64,32.82165,22.78608,13.17816,0.4752514,950.2652,946.7413,943.2885,2.605804,0,978.4198
2021/5/9,52,156,8,66,0.72,76,33.47695,25.43797,17.4259,0.5316161,946.1755,943.4069,939.763,2.191725,0,949.2016
2021/5/10,48,137,8,53,0.8,96,30.46069,24.8458,19.39111,0.5703829,947.593,944.8204,942.6562,2.170542,0.2511092,854.6082
2021/5/11,34,113,9,35,0.66,110,24.66348,21.28556,17.83877,0.6937557,952.2696,949.5925,947.6093,1.599701,3.845405,581.2518
2021/5/12,44,123,7,52,0.73,74,28.68304,22.78709,16.23651,0.666352,949.0588,946.6261,943.3559,3.127525,0.1338427,754.4449
2021/5/13,25,67,5,23,0.58,78,29.15295,24.04717,19.68914,0.6312988,946.4689,944.2544,941.4648,3.922657,0.01046853,657.5022
2021/5/14,27,60,5,18,0.59,64,25.34304,21.84555,15.13409,0.7663169,947.5391,943.066,940.0968,6.192133,14.55477,489.4122
2021/5/15,10,35,4,11,0.35,53,16.79983,15.34663,14.05523,0.8512167,955.9624,950.5718,946.8927,5.052243,15.10771,191.0072
2021/5/16,9,28,5,19,0.34,62,18.85629,15.46226,13.01345,0.6875857,958.0676,956.652,955.4535,4.255341,1.235858,340.0074
2021/5/17,18,47,6,38,0.47,59,24.11587,17.46594,11.1495,0.6274573,958.3071,955.9339,952.9146,1.034086,0,892.181
2021/5/18,21,56,6,44,0.51,75,26.84261,19.36492,11.0953,0.5894901,954.2167,951.3306,947.5115,1.241632,0,839.9212
2021/5/19,22,67,6,40,0.47,71,25.44216,20.7789,16.68572,0.6009326,951.4418,949.5529,947.5349,4.586971,0.07701572,737.2687
2021/5/20,16,56,5,33,0.35,74,27.66479,21.22857,15.0357,0.5480366,950.5409,948.4447,945.9423,1.63689,0,964.7753
2021/5/21,36,104,8,57,0.6,52,26.54812,21.78574,16.08819,0.6637493,948.3557,946.8185,944.7571,1.953968,0,624.3945
2021/5/22,40,108,7,49,0.63,66,27.26403,21.17887,13.90905,0.7250961,960.9062,949.6466,945.6962,6.661087,18.22246,545.0169
2021/5/23,17,63,5,16,0.25,78,22.84231,17.50724,12.01373,0.6151237,961.092,959.1681,956.1503,4.444067,2.528046,974.8414
2021/5/24,21,75,5,38,0.37,57,27.8074,20.90309,13.01275,0.5256856,958.3277,955.1105,951.9897,1.834934,0,836.8564
2021/5/25,26,93,8,51,0.53,44,24.83676,20.29948,16.60446,0.6150864,953.7383,950.8852,948.0183,3.537526,0.01719734,557.759
2021/5/26,23,86,5,40,0.4,55,29.94088,22.84982,16.70071,0.5026011,949.9781,948.2017,946.3427,5.082622,0,747.6615
2021/5/27,35,128,6,59,0.5,42,31.12313,23.32789,14.63067,0.5084593,949.8293,947.4047,943.9222,2.248506,0,758.4278
2021/5/28,32,122,6,45,0.42,72,29.46099,24.232,19.25561,0.4070262,954.6278,950.6236,947.6759,1.275899,0,942.8694
2021/5/29,33,106,6,54,0.53,72,31.7492,24.38061,16.29925,0.579031,948.394,946.5502,943.9271,2.330438,0,944.3631
2021/5/30,27,79,6,46,0.48,95,34.6856,26.92376,19.66207,0.5556429,946.0245,943.9689,940.9034,3.192452,0,966.0667
2021/5/31,36,101,7,29,0.52,109,30.60473,25.91186,21.32491,0.6011999,949.786,945.7356,943.3941,4.18053,1.259786,871.3487
2021/6/1,35,93,6,29,0.49,79,28.7037,23.89852,20.49706,0.6333742,950.5501,948.2159,945.6063,2.135,0.2331645,785.8879
2021/6/2,31,84,6,33,0.51,83,31.71142,24.10079,19.26202,0.661474,954.0112,948.3016,944.7706,4.673231,5.846307,898.9333
2021/6/3,13,46,6,22,0.35,62,26.07464,20.91206,17.04653,0.5589399,955.8136,953.7868,952.3561,3.131187,0.1126565,690.4388
2021/6/4,14,52,6,36,0.38,73,31.43331,22.56221,13.13894,0.4142131,952.7282,949.2336,945.1434,2.252896,0,1019.602
2021/6/5,19,55,7,41,0.43,87,35.4429,25.65061,16.50176,0.4441483,946.0556,943.5375,940.52,2.773709,0.1515383,988.5792
2021/6/6,34,86,9,58,0.64,127,35.73452,27.47712,18.02987,0.51673,944.8535,943.3509,940.7425,2.489086,0,884.0442
2021/6/7,32,83,7,42,0.58,92,34.44674,28.19518,22.78527,0.4901802,948.7966,946.816,944.721,2.893017,0.004860106,850.5942
2021/6/8,31,78,7,35,0.58,111,33.90267,28.00815,21.81622,0.5455359,950.6649,948.1561,945.775,2.135076,0,825.3278
2021/6/9,19,47,6,25,0.46,79,26.58376,24.31201,20.25604,0.6273421,951.2745,949.2972,947.2755,2.749893,0.3950465,430.9914
2021/6/10,30,66,8,31,0.64,92,31.89825,25.49014,19.12441,0.568162,951.2291,948.7996,945.7977,1.589932,0,934.0013
2021/6/11,30,82,7,36,0.6,86,34.34902,28.10355,21.09673,0.5211856,949.6748,947.6876,944.9329,3.227014,0.2112312,955.9694
2021/6/12,16,43,5,14,0.48,91,32.86016,28.76488,25.15835,0.5880633,948.8603,946.7016,943.998,2.005369,1.299913,755.2384
2021/6/13,15,48,5,25,0.53,61,29.80184,27.04367,24.93017,0.7326836,945.9663,943.7877,940.9006,1.972846,13.67158,450.4857
2021/6/14,17,42,4,25,0.54,32,25.40008,23.92277,22.12783,0.8900478,942.6917,941.6969,940.437,2.849964,17.67351,163.3137
2021/6/15,20,41,4,19,0.59,68,28.5119,25.07285,22.70968,0.804948,943.0029,941.9644,940.3782,1.269596,4.048785,592.9204
2021/6/16,14,28,4,14,0.5,50,23.53686,20.23955,17.69329,0.8832491,953.3888,948.6882,942.455,5.430616,13.17659,250.0347
2021/6/17,7,15,4,15,0.38,61,18.81851,17.44773,15.4992,0.813675,954.8496,953.7719,952.7084,3.282558,4.2574,360.7464
2021/6/18,9,27,4,23,0.45,68,26.0119,20.99038,15.92489,0.7041442,952.6914,949.2066,946.2718,1.506159,0.1758393,864.2697
2021/6/19,16,45,5,37,0.52,74,29.52517,24.2022,19.91448,0.615746,947.8637,946.3326,943.9165,1.809346,0,848.3071
2021/6/20,21,54,5,40,0.56,95,31.90536,26.12729,21.48037,0.6175783,946.2321,945.0305,943.4806,1.619092,0,959.47
2021/6/21,19,49,5,35,0.5,102,33.63812,26.93641,21.42617,0.5977676,947.2471,945.7042,943.6528,2.241515,0,914.787
2021/6/22,27,71,6,45,0.56,101,36.17663,28.88813,21.07607,0.5188112,948.2288,946.2814,944.1979,2.676186,0,972.3832
2021/6/23,24,57,5,29,0.48,100,31.05325,27.26288,24.38897,0.5259534,948.8738,947.4849,945.9848,2.810262,0,624.5501
2021/6/24,38,88,6,41,0.66,97,31.03829,26.65181,23.69015,0.6042967,948.7873,947.2968,945.6934,1.941059,0.4365444,774.7016
2021/6/25,25,45,4,21,0.6,71,25.72238,24.04909,22.07006,0.8123723,948.5159,946.8776,944.502,1.679377,4.576925,326.5496
2021/6/26,29,57,4,37,0.6,59,27.05938,23.90354,20.47354,0.8117021,946.6092,945.2899,944.1157,1.72879,4.588267,412.2905
2021/6/27,23,55,4,31,0.58,99,32.38384,27.16652,23.13897,0.7228274,946.6085,945.0778,942.5875,1.664274,0.004112255,884.6976
2021/6/28,26,60,4,31,0.56,112,35.72881,28.65808,21.96526,0.6385052,946.7545,944.8704,942.4316,1.772695,0,964.2619
2021/6/29,25,64,5,36,0.58,106,33.61602,28.40755,23.92831,0.6467764,946.5958,944.8027,942.7009,1.83287,0.09982102,768.0427
2021/6/30,26,71,5,31,0.55,104,34.91021,28.88266,24.31338,0.6016258,945.2136,943.6174,940.9885,3.306492,0.9398852,897.4708
2021/7/1,14,31,4,13,0.41,111,28.33792,24.48097,20.50417,0.7508517,948.5017,945.8341,943.319,2.290423,4.818813,753.2936
2021/7/2,18,35,4,26,0.51,55,22.98065,21.61499,19.41961,0.8931886,948.7689,947.2446,945.0244,3.167356,34.40626,220.9877
2021/7/3,13,34,4,27,0.45,77,28.84634,23.33069,17.44229,0.7415488,948.0495,946.5167,944.8521,1.379356,0.003987924,924.5419
2021/7/4,26,58,4,34,0.55,81,31.79769,26.43076,20.50063,0.6943558,947.4406,945.8858,944.3765,2.305237,0.008474104,893.2079
2021/7/5,20,47,5,28,0.53,84,31.21511,27.11527,22.17489,0.6588967,947.7936,946.4155,944.5126,1.603715,0,751.8
2021/7/6,23,60,4,31,0.58,88,31.6993,27.45662,23.35146,0.7136694,948.6187,946.5821,944.2837,2.428397,0,875.8606
2021/7/7,19,48,4,26,0.52,110,33.78857,27.926,22.3717,0.6958723,949.718,947.5016,944.6274,1.853995,0.001744833,830.073
2021/7/8,28,71,5,38,0.72,103,36.11031,29.0382,23.13754,0.6471373,948.8469,946.2891,943.107,2.200908,0,912.4222
2021/7/9,23,68,5,33,0.57,102,35.72027,29.72518,23.88482,0.6596115,946.4611,944.6463,942.4089,2.084699,0,931.3564
2021/7/10,18,53,4,33,0.55,40,29.72552,26.65511,23.16821,0.7763784,944.8181,943.8318,942.7718,2.35943,18.3249,407.3119
2021/7/11,7,17,4,14,0.43,70,29.93588,26.09417,22.4537,0.8046315,944.5395,942.796,940.3166,1.537271,15.57939,736.8331
2021/7/12,16,45,4,23,0.5,80,34.32122,27.95764,22.59918,0.7265181,942.7817,941.3056,938.3205,1.803948,0,916.4984
2021/7/13,23,69,5,36,0.61,115,37.22411,29.73917,23.31652,0.6655845,941.1203,939.7904,937.7641,1.996664,0,947.9881
2021/7/14,25,64,5,30,0.6,97,36.70928,30.78738,25.09847,0.6638065,944.008,942.1844,940.4675,2.248352,0.7205536,916.6385
2021/7/15,20,47,5,24,0.53,68,29.88955,27.64695,25.61471,0.7886982,949.9675,947.2664,944.0816,2.354804,4.335536,540.2094
2021/7/16,22,52,4,25,0.54,80,32.4045,27.73189,24.87884,0.8007216,951.9046,949.6754,947.5271,1.75311,1.523481,826.059
2021/7/17,26,61,4,24,0.54,98,33.76504,28.67088,24.48879,0.7156439,949.1673,947.1693,943.6337,1.221427,1.993798,827.3036
2021/7/18,13,29,4,23,0.59,72,28.31509,25.39943,23.75076,0.8313083,949.4068,948.0234,946.3604,2.12504,5.324522,483.5001
2021/7/19,18,32,4,16,0.63,64,29.7348,25.93955,22.98281,0.8003819,949.2495,948.2209,946.7666,2.675535,8.7522,644.5267
2021/7/20,13,26,4,11,0.59,67,27.62985,25.09305,23.24948,0.8167902,949.8619,948.5736,946.4291,2.714319,5.507464,438.3815
2021/7/21,15,29,5,15,0.62,74,29.69274,26.06377,22.78457,0.7660959,949.3324,947.4799,945.023,2.81001,1.083822,576.2421
2021/7/22,23,42,4,16,0.74,66,32.61843,27.89637,23.84704,0.7388208,947.357,945.4181,942.8285,3.853607,2.25575,787.4749
2021/7/23,17,30,4,16,0.57,42,29.23638,25.49751,23.70513,0.813833,948.0268,947.0503,945.5602,2.897073,32.04646,356.8569
2021/7/24,16,31,5,15,0.54,51,30.72097,26.57037,22.6983,0.7377948,948.4422,947.0946,944.2539,3.396819,3.144416,772.3679
2021/7/25,16,37,5,20,0.5,72,32.5407,27.90309,23.04913,0.6983059,947.7234,945.2225,942.1134,1.929187,0.007352792,757.6654
2021/7/26,18,39,4,22,0.51,52,26.69927,24.91458,23.69015,0.8274292,946.578,945.0518,943.1503,2.347796,9.955657,384.7059
2021/7/27,18,44,4,22,0.48,60,28.74578,25.72646,23.6816,0.7231146,946.1088,944.7959,942.6265,1.682746,0.1841886,570.2055
2021/7/28,20,52,5,34,0.54,44,30.52773,25.97871,22.06509,0.6965792,945.9117,944.1882,941.8234,1.67781,0.02654409,910.9131
2021/7/29,19,49,5,31,0.52,85,33.20028,26.49247,20.71383,0.6398477,943.9697,942.4417,940.3839,1.7174,0,935.5571
2021/7/30,23,61,5,41,0.58,123,35.60476,27.94275,20.71884,0.6149677,942.5705,940.655,938.2766,1.676485,0,966.7512
2021/7/31,21,56,5,38,0.55,125,36.95672,29.26516,21.47253,0.6464494,942.0573,940.2255,937.9959,1.724455,0,904.2231
2021/8/1,23,55,6,34,0.56,128,36.71926,29.95909,23.13467,0.5850395,942.0807,940.4514,938.9457,2.287578,0,948.7193
2021/8/2,33,68,5,23,0.65,120,35.02715,29.67562,25.24249,0.6449372,944.6494,942.678,940.9509,2.837571,0,895.1526
2021/8/3,28,64,5,17,0.63,129,33.40423,29.34351,25.77517,0.6732119,949.2232,945.8755,943.1432,1.761182,0.6528853,780.1003
2021/8/4,24,47,4,19,0.6,99,30.53057,27.10808,23.48837,0.7190045,950.7634,948.3435,945.6941,1.720583,4.757376,691.699
2021/8/5,26,55,5,26,0.59,88,28.20385,25.10387,21.66934,0.7507284,948.6215,946.8437,945.2023,2.102473,6.360241,507.5529
2021/8/6,22,52,5,31,0.53,95,33.60818,26.96874,19.81609,0.6912985,947.1798,945.058,942.2735,1.800707,0.1529087,883.2818
2021/8/7,13,30,5,15,0.43,99,32.41308,27.39898,24.06237,0.6026401,948.6066,946.5309,944.6948,2.465569,0.01944043,953.8846
2021/8/8,13,29,5,25,0.53,53,25.25533,23.25959,21.82763,0.8447622,950.156,948.4509,945.86,1.421084,9.089671,245.6007
2021/8/9,15,28,4,14,0.6,85,31.51034,25.72212,21.15093,0.7811961,950.4055,948.2508,945.1796,1.945403,0.02691755,839.2367
2021/8/10,24,53,5,34,0.64,67,30.51275,26.11892,22.18347,0.7760735,948.922,947.7982,946.763,1.254374,0,622.3097
2021/8/11,29,63,5,36,0.65,74,31.47466,26.89984,22.84661,0.71576,950.7323,949.5486,947.7979,1.712619,0.09558396,793.9159
2021/8/12,40,56,5,23,0.76,63,24.36114,22.48264,19.61215,0.9260464,953.3732,952.2205,950.806,2.189794,36.90589,104.0061
2021/8/13,17,27,5,16,0.58,82,25.46426,21.27641,18.6495,0.8914123,952.7367,951.0655,948.8086,1.542558,18.36951,596.2654
2021/8/14,24,47,5,26,0.65,72,29.99508,24.02194,19.21853,0.7440143,951.9507,950.1425,948.2848,3.048433,0.01470512,783.2275
2021/8/15,24,40,5,15,0.63,84,30.66821,25.1662,19.94872,0.6696241,952.0386,950.6717,949.1588,3.002754,0.000498258,767.2492
2021/8/16,22,41,5,18,0.68,68,26.61514,24.77048,23.07336,0.7755086,952.8991,951.6568,950.3708,2.97893,3.742967,262.4812
2021/8/17,19,41,5,21,0.66,58,30.80013,26.64251,23.07906,0.7471941,952.6602,950.9598,948.6406,3.295289,0.954591,654.0638
2021/8/18,15,31,5,16,0.56,61,31.85687,27.80623,24.5166,0.7181893,951.3489,949.3393,946.8424,2.076901,0.7735169,654.4217
2021/8/19,15,37,5,19,0.58,66,31.49108,27.21234,24.48095,0.7594273,949.696,948.1352,945.8756,1.95418,2.241418,691.9479
2021/8/20,9,21,4,16,0.54,79,32.22268,27.18388,23.53256,0.7492441,950.4693,948.2962,945.5474,1.615401,1.488214,738.5134
2021/8/21,24,52,5,28,0.64,73,32.85732,27.19739,22.91934,0.7609669,946.9629,945.2958,942.7683,2.772144,5.859641,777.5643
2021/8/22,7,15,4,12,0.49,64,24.13583,21.90738,20.95056,0.9470526,949.0524,947.8207,945.6644,2.989164,34.207,101.6102
2021/8/23,12,27,5,21,0.53,62,28.26733,23.58486,20.38723,0.8134115,949.4238,947.6005,946.3895,2.30464,0.05844654,884.2464
2021/8/24,18,57,5,25,0.48,58,30.20971,24.36109,20.56695,0.5412671,951.1079,949.264,947.3669,3.767633,0,938.0775
2021/8/25,22,70,6,41,0.49,36,25.20754,21.99048,18.00848,0.6240685,953.3151,950.756,948.6916,1.815832,0,471.0847
2021/8/26,13,37,5,24,0.4,58,25.64111,21.77198,18.16747,0.6922526,955.2948,953.9562,952.9175,2.665966,0,447.9497
2021/8/27,18,46,7,29,0.5,68,30.445,23.08583,16.50533,0.6472889,954.7377,952.9258,950.3445,2.577165,0.002866145,905.561
2021/8/28,17,41,7,28,0.52,51,26.28857,22.27704,18.91833,0.7109272,952.7899,951.7694,950.7634,2.081982,0.5672716,604.3556
2021/8/29,20,35,5,21,0.53,44,23.88983,21.15524,18.35787,0.8087504,954.6717,953.1838,952.198,1.786856,0.2330397,409.5834
2021/8/30,14,27,5,23,0.68,33,21.86257,20.4401,19.53372,0.9299052,954.5236,952.7981,951.3134,2.306388,19.61061,165.274
2021/8/31,6,9,5,20,1.01,35,20.14837,19.51422,19.11016,0.9842161,956.5855,955.5671,954.0303,1.117934,51.79614,161.7423
2021/9/1,13,21,5,16,0.85,52,21.79269,20.35254,19.29983,0.951783,956.6358,955.3427,953.8098,1.815092,19.98796,232.5941
2021/9/2,18,33,5,23,0.89,51,25.52844,22.58502,20.09417,0.8634962,955.0445,952.2532,949.2587,1.805858,0.2118554,526.9073
2021/9/3,35,60,6,28,1.04,35,26.86614,23.52194,21.30139,0.8735587,949.4834,946.6514,943.6387,3.073165,12.48158,468.1131
2021/9/4,8,17,5,19,0.69,53,24.46313,21.92132,19.64495,0.8517446,953.8885,951.5097,947.9488,2.928424,18.16701,526.2694
2021/9/5,21,33,5,26,0.72,34,21.121,19.75497,18.61956,0.9358822,960.61,956.1649,953.4909,2.775159,38.88785,197.3393
2021/9/6,10,23,5,20,0.6,49,21.94457,19.65003,18.22524,0.8685405,963.672,961.3894,959.8112,3.261305,9.024994,286.0051
2021/9/7,11,28,5,27,0.53,56,26.71142,20.63673,15.76446,0.7361377,960.8361,957.5455,953.7695,2.103367,0,883.2974
2021/9/8,15,36,6,32,0.52,66,28.78143,21.29304,15.19399,0.743326,954.922,952.8964,950.0058,1.425956,0,883.9819
2021/9/9,17,45,6,37,0.57,66,31.68005,23.68249,16.93603,0.7050936,953.6313,951.7741,949.7187,2.247379,0,871.4265
2021/9/10,23,53,6,40,0.7,78,32.04583,25.08853,17.77386,0.7111961,953.1507,950.8476,948.0998,2.025773,0,858.9333
2021/9/11,29,61,6,36,0.68,78,33.29299,26.18853,20.44787,0.664944,951.0711,948.9818,946.3746,2.093165,0,846.4557
2021/9/12,16,42,6,19,0.44,96,33.07906,25.75228,20.72097,0.5378712,951.7621,949.8856,948.316,3.488332,0,870.7731
2021/9/13,18,43,6,14,0.45,112,31.99236,24.55888,18.07977,0.5410769,955.4493,953.4162,951.4744,3.475778,0,863.3362
2021/9/14,17,38,6,12,0.4,108,30.89495,24.63527,19.02316,0.5608184,957.6955,955.73,953.8659,3.285308,0,827.8637
2021/9/15,29,53,6,17,0.53,103,29.52303,23.92104,19.52801,0.6697988,957.38,955.6388,953.2485,3.299102,1.193861,750.2131
2021/9/16,9,14,5,12,0.49,50,21.44543,20.05389,18.35143,0.8856594,957.9102,956.5503,955.4387,2.646483,16.55866,169.2102
2021/9/17,5,9,5,19,0.54,39,19.31765,18.70468,17.76245,0.9630111,956.5188,955.1426,953.6659,1.384964,24.53859,76.53045
2021/9/18,5,8,5,18,0.85,46,18.80139,18.08797,17.39523,0.9884628,955.5003,953.6368,952.252,2.406819,42.15614,38.41302
2021/9/19,5,11,5,15,0.58,63,22.43801,18.71547,16.71426,0.8898634,955.7307,954.5112,953.0139,2.776672,19.24285,421.0808
2021/9/20,10,28,5,16,0.38,73,27.99777,21.22435,16.52386,0.6292802,954.6802,951.9268,948.9341,2.758575,0,849.6296
2021/9/21,15,39,5,32,0.52,58,31.04614,22.38891,15.90136,0.6373381,951.2866,949.0742,946.4895,1.663952,0,839.6101
2021/9/22,30,62,7,33,0.83,65,28.80926,22.60871,17.7261,0.7821985,952.0776,949.7154,947.1422,2.887083,0.0800062,680.9639
2021/9/23,22,35,5,20,0.69,51,20.8821,20.10642,18.90194,0.9366261,956.3204,954.5763,951.8209,1.476175,22.83964,370.548
2021/9/24,19,28,5,21,1.02,25,22.54711,20.69464,19.62069,0.9625618,955.6002,953.8264,951.4878,2.441758,25.10137,302.0144
2021/9/25,8,14,5,17,1.02,33,21.65222,19.77558,18.75646,0.9652961,956.3523,954.5759,953.0444,2.697774,16.0679,237.7282
2021/9/26,5,8,5,19,0.7,41,18.35143,17.50751,16.53597,0.9604796,960.5618,959.0176,956.212,1.996828,22.78182,69.12479
2021/9/27,7,11,5,24,0.79,24,18.88625,18.13417,17.32464,0.9522742,959.3179,957.0652,954.4428,1.885022,35.94034,128.5724
2021/9/28,6,11,5,21,0.75,45,22.05868,18.70115,15.56765,0.8869263,957.1788,955.6616,954.2677,1.801597,19.56936,503.2278
2021/9/29,13,26,5,26,0.73,50,25.15478,19.04152,13.54327,0.8334641,956.2254,953.4293,950.3091,2.161923,0.001121313,808.2294
2021/9/30,27,53,5,41,0.9,53,27.02444,21.60409,17.2405,0.8084268,952.517,951.2455,948.7696,1.555952,0,779.369
2021/10/1,27,60,6,42,0.84,66,27.376,22.09732,18.29012,0.7915362,953.8722,951.6522,949.1729,1.785254,0.0573257,682.4885
2021/10/2,33,74,7,35,0.9,60,28.15322,23.14775,17.85586,0.7842103,951.5637,947.6458,944.5204,2.702909,0.005856623,716.9498
2021/10/3,43,86,5,32,0.92,41,25.32879,22.4171,18.24163,0.8587984,953.4845,948.2953,944.7366,3.109309,8.582965,324.0603
2021/10/4,10,30,5,11,0.38,52,17.76959,15.34422,13.38995,0.7926069,963.1659,958.2757,952.7268,4.690661,3.196758,175.7447
2021/10/5,7,10,5,15,0.4,33,13.71795,13.02575,12.22408,0.9497809,963.0483,961.8331,959.8799,2.155582,21.54035,96.53819
2021/10/6,4,8,5,22,0.67,17,13.0491,12.08866,11.42974,0.9645926,964.6877,962.5697,960.4881,2.014436,18.47507,82.08469
2021/10/7,17,29,5,25,0.88,23,16.06536,13.82453,11.41119,0.8793205,962.8895,960.6468,958.4808,1.653183,1.188129,264.9239
2021/10/8,20,35,5,23,0.88,26,17.24761,15.19525,13.91476,0.8748257,958.9904,957.6335,956.0135,2.628128,4.796256,280.5287
2021/10/9,17,33,5,20,0.63,26,14.7619,13.31356,11.03185,0.9544074,971.6112,964.6351,959.3675,3.694512,8.905109,125.5074
2021/10/10,9,23,5,15,0.33,42,10.97552,9.656315,8.404199,0.8318578,974.5718,972.069,970.2808,3.892032,2.501376,316.4524
2021/10/11,14,27,6,26,0.41,25,11.37341,9.789957,8.275842,0.8559531,970.448,966.7287,963.8591,2.319691,1.884881,154.3678
2021/10/12,21,36,5,24,0.55,30,15.88568,12.08953,9.796106,0.8025074,965.8615,964.3865,962.2544,2.410108,0.4976094,505.9816
2021/10/13,26,49,6,26,0.68,31,17.11999,13.5046,10.22323,0.8388424,968.1126,965.7584,962.9717,1.535609,0.03875746,610.2988
2021/10/14,15,40,5,31,0.57,31,15.27673,13.97101,12.63909,0.8342954,970.4431,968.0615,965.9841,2.970409,3.321253,152.2208
2021/10/15,18,46,5,31,0.44,32,14.50161,12.85574,11.17446,0.7095758,971.9698,969.9704,967.3691,3.16297,0.09982055,209.3502
2021/10/16,17,45,5,32,0.45,38,17.59417,13.47947,10.5213,0.6953642,974.6037,972.6643,971.3355,2.3675,0.1481734,508.4242
2021/10/17,25,61,6,40,0.51,16,16.51888,12.03777,9.021722,0.7092798,971.6934,967.1645,963.6018,2.393025,0,452.2437
2021/10/18,32,72,6,40,0.74,21,18.85345,12.53828,7.572046,0.775362,963.4601,961.5959,959.5263,1.584889,0.0208118,694.1416
2021/10/19,41,88,7,42,0.86,12,15.92346,12.34576,9.768304,0.8622755,964.9379,962.4875,961.0459,3.47808,6.307277,370.1902
2021/10/20,19,33,5,28,0.73,26,12.03869,10.4589,9.312646,0.8729025,966.8587,965.3285,963.9463,2.320359,5.809545,255.8535
2021/10/21,15,39,6,33,0.73,28,16.50817,10.55522,5.19256,0.7008797,969.0616,967.0697,965.6934,1.731522,0,722.8308
2021/10/22,26,57,7,45,0.62,25,16.20226,10.28583,4.656335,0.6668304,969.4274,966.7024,963.8173,2.603036,0,616.8022
2021/10/23,46,89,7,47,0.77,20,15.59689,11.63738,7.571344,0.7422696,967.4321,965.0833,963.5402,1.855427,0.3819605,381.9833
2021/10/24,52,108,6,50,0.89,37,17.50576,12.66598,9.398218,0.8003879,967.3159,965.2656,963.0887,1.497656,0.005607958,580.5983
2021/10/25,58,130,7,55,0.97,23,17.84588,12.84172,8.519708,0.8445621,964.3801,962.1446,959.8594,1.966505,2.168142,594.9118
2021/10/26,26,56,5,26,0.61,40,14.98007,12.66081,9.087305,0.8816116,966.4944,964.4442,962.4011,2.784241,11.55092,286.114
2021/10/27,27,54,6,44,0.58,14,15.94628,11.99588,8.079767,0.8324149,966.931,965.0578,963.1531,1.7603,0.01408206,512.127
2021/10/28,35,71,6,43,0.77,24,17.01516,13.68953,11.05895,0.8267189,965.9465,964.4384,962.803,1.133272,0.2061217,435.4565
2021/10/29,29,70,6,44,0.83,21,19.55367,13.58548,9.622125,0.8000277,966.028,963.5738,961.109,1.909005,0,573.815
2021/10/30,46,96,7,55,0.85,27,19.62713,13.41999,7.82876,0.8042069,965.9748,963.4403,961.6002,1.536521,0.002118759,649.2719
2021/10/31,30,65,6,49,0.73,25,17.1806,14.01266,11.86398,0.8078329,968.2316,965.9891,964.5226,1.246724,0.2451278,346.0595
2021/11/1,52,108,7,45,0.9,15,16.00332,12.61066,9.381097,0.8213641,966.2931,964.96,962.4827,2.073445,3.213705,291.3416
2021/11/2,48,101,7,41,0.87,35,17.30966,14.0531,11.86257,0.7620927,966.274,964.1835,961.3968,1.621902,1.93261,542.2631
2021/11/3,50,105,7,59,0.82,21,16.39337,13.23602,10.88424,0.8166433,964.0611,960.5463,957.1277,1.645903,1.739448,374.1575
2021/11/4,76,157,10,57,1.05,27,17.72967,13.65729,9.206415,0.7943312,957.5742,954.1531,950.9512,2.327216,0.01296075,380.6452
2021/11/5,88,186,8,55,1.13,32,19.24136,14.627,11.55239,0.8084931,954.5215,952.49,950.1128,2.639696,0.04224619,430.618
2021/11/6,45,182,6,27,0.6,28,13.3771,7.14297,1.412622,0.7762571,978.3256,966.5421,954.6774,5.57387,7.02509,222.5902
2021/11/7,9,50,5,20,0.35,50,6.173029,2.412954,-0.2580933,0.5097893,979.8452,976.2163,972.5872,5.259711,2.646434,679.5636
2021/11/8,27,73,7,52,0.6,21,9.317651,3.178902,-2.325262,0.5219446,973.0493,970.3108,967.4676,1.746903,0,659.8048
2021/11/9,29,65,8,45,0.63,30,12.16705,5.130441,-0.3208374,0.5298776,970.7982,968.3608,965.7785,4.00299,0,652.8503
2021/11/10,28,67,8,46,0.56,31,12.82806,6.44925,1.622247,0.4471581,968.4833,966.2124,963.689,3.303387,0,645.1179
2021/11/11,34,85,9,46,0.53,30,11.26431,6.099847,2.908624,0.4684739,969.027,967.2026,965.5517,3.026167,0,484.138
2021/11/12,36,92,7,43,0.53,34,13.44341,5.999813,1.35415,0.4555562,969.2856,966.5308,963.5976,2.358744,0,631.3178
2021/11/13,36,82,8,54,0.68,27,16.57449,7.207235,-0.1048035,0.4545272,964.3418,962.4956,960.1415,2.774589,0,625.4835
2021/11/14,54,100,10,67,0.82,17,13.98678,7.750414,2.022272,0.5371231,963.1723,961.8553,959.4065,2.040066,0.002367888,605.4447
2021/11/15,56,106,9,63,0.85,19,14.15151,8.300751,4.03811,0.6158921,962.9065,961.5039,959.1442,1.632529,0,581.7185
2021/11/16,94,173,12,80,1.05,9,12.98565,8.264803,2.772424,0.6678861,966.5773,963.9822,962.2147,1.803151,0,396.4523
2021/11/17,82,149,11,68,1.05,24,16.59731,10.09904,5.685297,0.6950264,966.4576,963.0845,959.2796,1.66353,0,589.2953
2021/11/18,95,161,11,76,1.15,24,17.33746,9.837225,4.408197,0.6948592,958.3525,953.6855,950.0631,2.500427,0,579.5715
2021/11/19,86,153,10,77,1.16,26,15.98763,9.794709,4.973657,0.7147126,956.6968,954.6711,952.6297,1.594196,0,576.8177
2021/11/20,80,159,8,62,1.09,11,10.04424,8.432577,6.583765,0.8257534,967.9566,961.2162,956.2481,2.620672,4.950911,131.404
2021/11/21,16,86,6,26,0.43,44,10.54412,6.538087,1.334894,0.4296827,974.8631,970.937,967.6752,4.126964,0,377.1291
2021/11/22,28,179,7,39,0.48,32,7.24975,1.859463,-1.915259,0.4226951,974.7441,971.2676,967.4697,1.691197,0,604.9624
2021/11/23,54,142,9,59,0.89,16,13.9504,3.759659,-2.880042,0.5487324,967.9524,965.6914,962.9469,1.553211,0,594.4917
2021/11/24,61,125,10,64,1.08,17,15.19756,6.257079,-0.9305176,0.4784629,964.0767,962.3526,960.2245,1.645817,0,588.5174
2021/11/25,69,135,11,71,1.1,16,15.63323,6.865975,1.496759,0.5509706,965.0187,962.8129,961.0912,1.077447,0,580.7851
2021/11/26,89,152,14,72,1.2,14,13.09118,7.001515,1.681421,0.5562287,968.7597,966.5517,964.9116,2.175369,0,485.8805
2021/11/27,135,206,15,76,1.6,10,12.36599,8.333284,5.362268,0.6094989,967.3017,965.8222,963.7599,2.784064,0.8808156,307.9421
2021/11/28,157,232,13,74,1.57,25,12.76101,7.613503,2.33175,0.6889584,968.5166,966.2792,963.8499,2.289058,0.1206323,525.0869
2021/11/29,33,93,7,28,0.56,46,9.405359,5.709952,1.458246,0.5649142,977.7812,973.1506,968.7052,5.680923,3.064286,430.089
2021/11/30,25,68,8,43,0.6,21,8.82348,3.20044,-0.3144287,0.4734795,975.3309,972.2228,969.7279,2.206266,0,574.6707
